ACC,ARI,F1,FN_count,FN_ratio,HN_count,HN_ratio,L_cluster,L_cross,L_feat,L_hn,L_recon,L_reg,L_total,L_uncert,NMI,PUR,S_mean,S_p10,S_p50,S_p90,S_std,U_size,alpha_fn,candidate_neg_size,delta_post,delta_sim,denom_fn_share,denom_safe_share,empty_cluster,epoch,fn_pair_share,gamma_mean,gamma_p10,gamma_p50,gamma_p90,gamma_std,gate,hn_beta,hn_pair_share,knn_neg_k,label_flip,lr,m_gap_p10,m_gap_p50,m_gap_p90,m_top1_p10,m_top1_p50,m_top1_p90,mean_s_post_FN,mean_s_post_nonFN,mean_sim_HN,mean_sim_safe_nonHN,min_cluster,neg_after_filter_size,neg_count,neg_mode,neg_per_anchor,neg_used_in_loss_size,pi_fn,route_count_inconsistent,route_uncertain_only,safe_neg_count,safe_ratio,sim_neg_p90,sim_neg_p99,sim_pos_p50,sim_pos_p90,stab_rate,step,temp_f,temp_l,u_mean,u_p10,u_p50,u_p90,u_std,w_hit_min_ratio,w_mean,w_mean_on_FN,w_mean_on_safe,w_min,w_p10,w_p50,w_p90,w_std
0.3368,0.1849,0.2793,17550,0.2967,0,0.0,0.052826,0.0,10.775573,0.0,0.047253,0.0,10.895385,0.019732,0.3127,0.5093,,,,,,71,0.1,59132,0.01,-0.8867,0.0208,0.9792,0,1,,,,,,,0.0,0.1,,20,0.0,0.0001,,,,,,,0.1143,0.1043,0.0,0.8867,48,41582,59132,batch,240.5,59132,0.1,0,1,41582,0.7033,,,,,0.0,1,0.5,0.5,,,,,,0.2954,,0.05,1.0,0.05,,,,
0.3333,0.1724,0.2675,1788,0.0302,1590,0.0301,0.039846,0.0,10.726895,3.1e-05,0.046638,0.0,10.830695,0.017286,0.3079,0.5052,,,,,,71,0.1,59132,0.2367,0.3884,0.0023,0.9977,0,2,,,,,,,0.0101,0.1,,20,0.9325,0.0001,,,,,,,0.3782,0.1414,0.6952,0.3069,61,57344,59132,batch,240.5,59132,0.1,0,1,57344,0.9698,,,,,0.0675,2,0.5,0.5,,,,,,0.0301,,0.05,1.0,0.05,,,,
0.3913,0.2003,0.294,1764,0.0298,1568,0.0296,0.033271,0.0,9.772925,1e-06,0.043169,0.0,9.862697,0.013331,0.3016,0.5031,,,,,,70,0.1,59132,0.1113,0.4658,0.0024,0.9976,0,3,,,,,,,0.0202,0.1,,20,0.9808,0.0001,,,,,,,0.2076,0.0963,0.5266,0.0608,74,57368,59132,batch,240.5,59132,0.1,0,1,57368,0.9702,,,,,0.0192,3,0.5,0.5,,,,,,0.0297,,0.05,1.0,0.05,,,,
0.3706,0.2095,0.3025,1742,0.0295,1549,0.0293,0.0298,0.0,9.244291,3e-06,0.036027,0.0,9.324091,0.01397,0.3207,0.5155,,,,,,69,0.1,59132,0.0954,0.4767,0.0024,0.9976,0,4,,,,,,,0.0303,0.1,,20,0.8624,0.0001,,,,,,,0.1811,0.0857,0.4871,0.0104,72,57390,59132,batch,240.5,59132,0.1,0,1,57390,0.9705,,,,,0.1376,4,0.5,0.5,,,,,,0.0293,,0.05,1.0,0.05,,,,
0.4003,0.2257,0.3177,1718,0.029,1527,0.0289,0.028953,0.0,9.105199,1e-06,0.027331,0.0,9.175724,0.01424,0.3307,0.5286,-0.2184,-0.5656,-0.0595,-0.0222,0.2453,68,0.1,59132,0.1109,0.4813,0.0024,0.9976,0,5,0.029,1.4222,0.3382,1.0935,3.0026,1.2079,0.0404,0.1,0.0267,20,0.9733,0.0001,0.0964,0.3516,0.853,0.3088,0.5347,0.9165,0.191,0.0801,0.4785,-0.0028,70,57414,59132,batch,240.5,59132,0.1,0,1,57414,0.971,0.5198,0.852,0.6265,0.9543,0.0267,5,0.5,0.5,0.4961,0.4897,0.4968,0.5021,0.005,0.0289,0.9727,0.05,1.0,0.05,1.0,1.0,1.0,0.1587
0.3996,0.2407,0.3316,1696,0.0287,1508,0.0286,0.027522,0.0,8.821972,2e-06,0.02531,0.0,8.889478,0.014672,0.3483,0.5431,,,,,,68,0.1,59132,0.1177,0.4826,0.0023,0.9977,0,6,,,,,,,0.0505,0.1,,20,0.8928,0.0001,,,,,,,0.2072,0.0895,0.4681,-0.0144,68,57436,59132,batch,240.5,59132,0.1,0,1,57436,0.9713,,,,,0.1072,6,0.5,0.5,,,,,,0.0286,,0.05,1.0,0.05,,,,
0.4513,0.2566,0.3469,1693,0.0286,1505,0.0285,0.027332,0.0,8.705206,1e-06,0.024335,0.0,8.771341,0.014467,0.3557,0.5445,,,,,,67,0.1,59132,0.1127,0.4912,0.0024,0.9976,0,7,,,,,,,0.0606,0.1,,20,0.9306,0.0001,,,,,,,0.2029,0.0902,0.477,-0.0142,70,57439,59132,batch,240.5,59132,0.1,0,1,57439,0.9714,,,,,0.0694,7,0.5,0.5,,,,,,0.0285,,0.05,1.0,0.05,,,,
0.4486,0.2555,0.3455,1672,0.0283,1486,0.0281,0.027291,0.0,8.517206,4e-06,0.023755,0.0,8.582507,0.014252,0.3575,0.5362,,,,,,67,0.1,59132,0.1188,0.4794,0.0024,0.9976,0,8,,,,,,,0.0707,0.1,,20,0.8771,0.0001,,,,,,,0.2047,0.086,0.4666,-0.0128,70,57460,59132,batch,240.5,59132,0.1,0,1,57460,0.9717,,,,,0.1229,8,0.5,0.5,,,,,,0.0281,,0.05,1.0,0.05,,,,
0.4603,0.2743,0.3627,1647,0.0278,1464,0.0277,0.026305,0.0,8.396952,2.8e-05,0.023236,0.0,8.459483,0.012962,0.3751,0.5714,,,,,,66,0.1,59132,0.1009,0.5137,0.0023,0.9977,0,9,,,,,,,0.0808,0.1,,20,0.8689,0.0001,,,,,,,0.1846,0.0837,0.4931,-0.0206,81,57485,59132,batch,240.5,59132,0.1,0,1,57485,0.9722,,,,,0.1311,9,0.5,0.5,,,,,,0.0277,,0.05,1.0,0.05,,,,
0.4513,0.2783,0.3663,1625,0.0275,1445,0.0274,0.025821,0.0,8.140015,3e-06,0.023018,0.0,8.202222,0.013364,0.3774,0.5721,-0.5143,-1.3258,-0.1347,-0.0427,0.5836,65,0.1,59132,0.0957,0.458,0.0023,0.9977,0,10,0.0275,1.5758,0.225,0.9144,3.951,1.8651,0.0909,0.1,0.0253,20,0.9091,0.0001,0.0561,0.2625,0.9312,0.2595,0.436,0.9603,0.1853,0.0896,0.4397,-0.0183,72,57507,59132,batch,240.5,59132,0.1,0,1,57507,0.9725,0.4979,0.9403,0.7151,0.9775,0.0909,10,0.5,0.5,0.4884,0.4678,0.4938,0.4995,0.016,0.0274,0.9738,0.05,1.0,0.05,1.0,1.0,1.0,0.1555
0.4672,0.2834,0.3713,1622,0.0274,1442,0.0273,0.026083,0.0,8.097855,4e-06,0.022966,0.0,8.159981,0.013073,0.3773,0.5804,,,,,,65,0.1,59132,0.0912,0.4851,0.0024,0.9976,0,11,,,,,,,0.101,0.1,,20,0.9012,0.0001,,,,,,,0.1817,0.0905,0.4705,-0.0146,52,57510,59132,batch,240.5,59132,0.1,0,1,57510,0.9726,,,,,0.0988,11,0.5,0.5,,,,,,0.0273,,0.05,1.0,0.05,,,,
0.4872,0.2944,0.3814,1601,0.0271,1423,0.0269,0.025373,0.0,7.966131,5e-06,0.023073,0.0,8.027091,0.012509,0.3711,0.5742,,,,,,64,0.1,59132,0.0827,0.4649,0.0023,0.9977,0,12,,,,,,,0.1111,0.1,,20,0.7914,0.0001,,,,,,,0.1692,0.0864,0.4517,-0.0132,69,57531,59132,batch,240.5,59132,0.1,0,1,57531,0.9729,,,,,0.2086,12,0.5,0.5,,,,,,0.0269,,0.05,1.0,0.05,,,,
0.4707,0.287,0.3745,1576,0.0266,1402,0.0265,0.025442,0.0,7.891197,2e-06,0.023073,0.0,7.951187,0.011474,0.3789,0.5776,,,,,,63,0.1,59132,0.086,0.4707,0.0023,0.9977,0,13,,,,,,,0.1212,0.1,,20,0.9954,0.0001,,,,,,,0.1752,0.0891,0.4572,-0.0135,62,57556,59132,batch,240.5,59132,0.1,0,1,57556,0.9734,,,,,0.0046,13,0.5,0.5,,,,,,0.0265,,0.05,1.0,0.05,,,,
0.4907,0.3108,0.3964,1555,0.0263,1382,0.0262,0.024902,0.0,7.687377,0.000147,0.023114,0.0,7.747764,0.012223,0.3829,0.5783,,,,,,62,0.1,59132,0.0685,0.5242,0.0021,0.9979,0,14,,,,,,,0.1313,0.1,,20,0.7529,0.0001,,,,,,,0.1572,0.0887,0.5081,-0.0161,64,57577,59132,batch,240.5,59132,0.1,0,1,57577,0.9737,,,,,0.2471,14,0.5,0.5,,,,,,0.0262,,0.05,1.0,0.05,,,,
0.5169,0.3294,0.4135,1530,0.0259,1360,0.0257,0.025018,0.0,7.542674,0.000209,0.022862,0.0,7.60302,0.012256,0.3992,0.5963,-0.8778,-2.099,-0.2624,-0.0645,0.924,61,0.1,59132,0.0613,0.5383,0.0021,0.9979,0,15,0.0259,1.0588,0.1954,0.7048,2.4545,1.1315,0.1414,0.1,0.0237,20,0.8869,0.0001,0.0443,0.2096,0.8058,0.2373,0.368,0.8787,0.1478,0.0865,0.5195,-0.0188,57,57602,59132,batch,240.5,59132,0.1,0,1,57602,0.9741,0.4768,0.9572,0.7257,0.9899,0.1131,15,0.5,0.5,0.4812,0.4545,0.4902,0.4979,0.0206,0.0258,0.9755,0.05,1.0,0.05,1.0,1.0,1.0,0.1505
0.5031,0.3266,0.4109,1530,0.0259,1360,0.0257,0.024818,0.0,7.231842,3.9e-05,0.022528,0.0,7.291522,0.012294,0.3955,0.5894,,,,,,61,0.1,59132,0.0772,0.5024,0.0023,0.9977,0,16,,,,,,,0.1515,0.1,,20,0.9439,0.0001,,,,,,,0.1668,0.0896,0.4837,-0.0186,61,57602,59132,batch,240.5,59132,0.1,0,1,57602,0.9741,,,,,0.0561,16,0.5,0.5,,,,,,0.0258,,0.05,1.0,0.05,,,,
0.5066,0.3223,0.407,1506,0.0254,1339,0.0253,0.024766,0.0,7.429145,2.3e-05,0.022364,0.0,7.4884,0.012102,0.3942,0.5818,,,,,,60,0.1,59132,0.0614,0.4587,0.0021,0.9979,0,17,,,,,,,0.1616,0.1,,20,0.8856,0.0001,,,,,,,0.1486,0.0872,0.4428,-0.0159,49,57626,59132,batch,240.5,59132,0.1,0,1,57626,0.9746,,,,,0.1144,17,0.5,0.5,,,,,,0.0253,,0.05,1.0,0.05,,,,
0.499,0.3223,0.4069,1481,0.025,1317,0.0249,0.024319,0.0,7.245734,2.3e-05,0.02231,0.0,7.303776,0.01139,0.3947,0.5797,,,,,,59,0.1,59132,0.0602,0.4685,0.0021,0.9979,0,18,,,,,,,0.1717,0.1,,20,0.9954,0.0001,,,,,,,0.15,0.0898,0.4508,-0.0177,60,57651,59132,batch,240.5,59132,0.1,0,1,57651,0.975,,,,,0.0046,18,0.5,0.5,,,,,,0.0249,,0.05,1.0,0.05,,,,
0.5066,0.3431,0.4259,1460,0.0247,1298,0.0246,0.023989,0.0,7.222968,4.3e-05,0.022277,0.0,7.280459,0.011183,0.4025,0.5852,,,,,,58,0.1,59132,0.0673,0.4662,0.0021,0.9979,0,19,,,,,,,0.1818,0.1,,20,0.7647,0.0001,,,,,,,0.16,0.0927,0.4504,-0.0158,64,57672,59132,batch,240.5,59132,0.1,0,1,57672,0.9753,,,,,0.2353,19,0.5,0.5,,,,,,0.0246,,0.05,1.0,0.05,,,,
0.5335,0.3656,0.4463,1457,0.0246,1295,0.0245,0.023848,0.0,7.115183,3.2e-05,0.022253,0.0,7.173148,0.011831,0.4099,0.5983,-1.0686,-2.8986,-0.2894,-0.0688,1.2348,58,0.1,59132,0.0584,0.4434,0.0021,0.9979,0,20,0.0246,0.7426,0.1079,0.4835,1.6882,0.7197,0.1919,0.1,0.0225,20,0.998,0.0001,0.0195,0.1024,0.5212,0.181,0.2596,0.7104,0.148,0.0896,0.4255,-0.0179,61,57675,59132,batch,240.5,59132,0.1,0,1,57675,0.9754,0.4628,0.9649,0.7419,0.9904,0.002,20,0.5,0.5,0.4788,0.4449,0.4894,0.4977,0.0253,0.0245,0.9772,0.05,1.0,0.05,1.0,1.0,1.0,0.1452
0.5321,0.365,0.4458,1435,0.0242,1276,0.0241,0.023588,0.0,6.887374,6.7e-05,0.022348,0.0,6.944939,0.011561,0.412,0.6046,,,,,,57,0.1,59132,0.0456,0.4528,0.002,0.998,0,21,,,,,,,0.202,0.1,,20,0.998,0.0001,,,,,,,0.1317,0.0862,0.435,-0.0179,60,57697,59132,batch,240.5,59132,0.1,0,1,57697,0.9758,,,,,0.002,21,0.5,0.5,,,,,,0.0241,,0.05,1.0,0.05,,,,
0.5273,0.3725,0.4526,1410,0.0238,1254,0.0237,0.023717,0.0,6.651848,0.000137,0.022473,0.0,6.709653,0.011478,0.415,0.5977,,,,,,56,0.1,59132,0.0449,0.4619,0.002,0.998,0,22,,,,,,,0.2121,0.1,,20,0.9309,0.0001,,,,,,,0.134,0.0891,0.4476,-0.0143,45,57722,59132,batch,240.5,59132,0.1,0,1,57722,0.9762,,,,,0.0691,22,0.5,0.5,,,,,,0.0237,,0.05,1.0,0.05,,,,
0.519,0.365,0.4457,1389,0.0235,1235,0.0234,0.023172,0.0,6.555183,0.000232,0.022713,0.0,6.611899,0.010599,0.4128,0.599,,,,,,55,0.1,59132,0.0459,0.4422,0.0018,0.9982,0,23,,,,,,,0.2222,0.1,,20,0.6221,0.0001,,,,,,,0.1363,0.0904,0.4292,-0.013,35,57743,59132,batch,240.5,59132,0.1,0,1,57743,0.9765,,,,,0.3779,23,0.5,0.5,,,,,,0.0234,,0.05,1.0,0.05,,,,
0.5238,0.3594,0.4407,1364,0.023,1213,0.0229,0.023711,0.0,6.544496,0.000139,0.022527,0.0,6.602449,0.011577,0.4164,0.599,,,,,,54,0.1,59132,0.0476,0.4499,0.002,0.998,0,24,,,,,,,0.2323,0.1,,20,0.8525,0.0001,,,,,,,0.137,0.0894,0.4366,-0.0134,45,57768,59132,batch,240.5,59132,0.1,0,1,57768,0.977,,,,,0.1475,24,0.5,0.5,,,,,,0.0229,,0.05,1.0,0.05,,,,
0.5321,0.3714,0.4516,1364,0.023,1213,0.0229,0.02336,0.0,6.507162,0.000187,0.022543,0.0,6.564075,0.010824,0.4152,0.608,-1.4114,-3.6393,-0.4439,-0.1095,1.5885,54,0.1,59132,0.0449,0.4419,0.0018,0.9982,0,25,0.023,0.6263,0.1191,0.4194,1.1599,0.7152,0.2424,0.1,0.0211,20,0.7756,0.0001,0.0267,0.0877,0.4006,0.1919,0.2793,0.6485,0.1366,0.0917,0.4274,-0.0145,42,57768,59132,batch,240.5,59132,0.1,0,1,57768,0.977,0.4916,0.975,0.7285,0.9942,0.2244,25,0.5,0.5,0.4785,0.4364,0.4905,0.4975,0.0279,0.0229,0.9784,0.05,1.0,0.05,1.0,1.0,1.0,0.1417
0.5424,0.3751,0.4549,1340,0.0226,1191,0.0225,0.02297,0.0,6.258332,0.000128,0.022774,0.0,6.314304,0.010099,0.4226,0.6087,,,,,,53,0.1,59132,0.0431,0.4288,0.0019,0.9981,0,26,,,,,,,0.2525,0.1,,20,0.9951,0.0001,,,,,,,0.1301,0.0871,0.413,-0.0159,42,57792,59132,batch,240.5,59132,0.1,0,1,57792,0.9774,,,,,0.0049,26,0.5,0.5,,,,,,0.0225,,0.05,1.0,0.05,,,,
0.5321,0.3665,0.4473,1318,0.0223,1172,0.0222,0.02296,0.0,6.129923,0.000259,0.022783,0.0,6.186043,0.010118,0.4164,0.6039,,,,,,52,0.1,59132,0.0477,0.4467,0.0019,0.9981,0,27,,,,,,,0.2626,0.1,,20,0.9977,0.0001,,,,,,,0.1358,0.0881,0.4315,-0.0152,25,57814,59132,batch,240.5,59132,0.1,0,1,57814,0.9777,,,,,0.0023,27,0.5,0.5,,,,,,0.0222,,0.05,1.0,0.05,,,,
0.53,0.3703,0.4506,1294,0.0218,1150,0.0217,0.022934,0.0,6.154695,0.00041,0.022801,0.0,6.212662,0.011821,0.4171,0.6059,,,,,,51,0.1,59132,0.0426,0.4452,0.0018,0.9982,0,28,,,,,,,0.2727,0.1,,20,0.8363,0.0001,,,,,,,0.1345,0.0919,0.4287,-0.0166,38,57838,59132,batch,240.5,59132,0.1,0,1,57838,0.9782,,,,,0.1637,28,0.5,0.5,,,,,,0.0218,,0.05,1.0,0.05,,,,
0.5328,0.373,0.4531,1294,0.0218,1150,0.0217,0.022966,0.0,6.191887,0.000317,0.022628,0.0,6.248599,0.010801,0.4197,0.6066,,,,,,51,0.1,59132,0.0357,0.4153,0.0019,0.9981,0,29,,,,,,,0.2828,0.1,,20,0.983,0.0001,,,,,,,0.1211,0.0854,0.3971,-0.0182,34,57838,59132,batch,240.5,59132,0.1,0,1,57838,0.9782,,,,,0.017,29,0.5,0.5,,,,,,0.0218,,0.05,1.0,0.05,,,,
0.5307,0.3728,0.4528,1269,0.0214,1128,0.0213,0.022491,0.0,6.106461,0.000338,0.022707,0.0,6.162365,0.010368,0.419,0.6073,-1.952,-4.569,-0.5576,-0.1319,2.1346,50,0.1,59132,0.0362,0.4053,0.0019,0.9981,0,30,0.0214,0.5776,0.0818,0.3277,1.2632,0.658,0.2929,0.1,0.0196,20,0.6433,0.0001,0.0144,0.0682,0.4835,0.1806,0.2352,0.6507,0.122,0.0858,0.3883,-0.017,35,57863,59132,batch,240.5,59132,0.1,0,1,57863,0.9786,0.4226,0.9844,0.7839,0.9948,0.3567,30,0.5,0.5,0.4714,0.4256,0.4844,0.4985,0.0322,0.0213,0.9801,0.05,1.0,0.05,1.0,1.0,1.0,0.1361
0.5314,0.3684,0.4489,1248,0.0211,1109,0.021,0.02262,0.0,6.013919,0.000655,0.022765,0.0,6.071146,0.011186,0.4163,0.6066,,,,,,50,0.1,59132,0.034,0.4831,0.0017,0.9983,0,31,,,,,,,0.303,0.1,,20,0.8595,0.0001,,,,,,,0.1228,0.0888,0.4653,-0.0178,30,57884,59132,batch,240.5,59132,0.1,0,1,57884,0.9789,,,,,0.1405,31,0.5,0.5,,,,,,0.021,,0.05,1.0,0.05,,,,
0.5314,0.3711,0.4514,1223,0.0207,1087,0.0206,0.022749,0.0,6.035136,0.000765,0.023109,0.0,6.092123,0.010364,0.4192,0.6087,,,,,,49,0.1,59132,0.0322,0.4832,0.0016,0.9984,0,32,,,,,,,0.3131,0.1,,20,0.6711,0.0001,,,,,,,0.1184,0.0862,0.4712,-0.012,34,57909,59132,batch,240.5,59132,0.1,0,1,57909,0.9793,,,,,0.3289,32,0.5,0.5,,,,,,0.0206,,0.05,1.0,0.05,,,,
0.5349,0.3705,0.4508,1201,0.0203,1068,0.0202,0.022406,0.0,5.82333,0.000576,0.022954,0.0,5.879548,0.010282,0.42,0.6087,,,,,,48,0.1,59132,0.0412,0.362,0.0019,0.9981,0,33,,,,,,,0.3232,0.1,,20,0.998,0.0001,,,,,,,0.1315,0.0903,0.3489,-0.0131,32,57931,59132,batch,240.5,59132,0.1,0,1,57931,0.9797,,,,,0.002,33,0.5,0.5,,,,,,0.0202,,0.05,1.0,0.05,,,,
0.5349,0.3704,0.4507,1198,0.0202,1066,0.0201,0.022385,0.0,5.857912,0.000374,0.022925,0.0,5.914944,0.011348,0.4191,0.6087,,,,,,48,0.1,59132,0.0343,0.3654,0.0019,0.9981,0,34,,,,,,,0.3333,0.1,,20,0.8579,0.0001,,,,,,,0.1225,0.0882,0.3476,-0.0177,30,57934,59132,batch,240.5,59132,0.1,0,1,57934,0.9798,,,,,0.1421,34,0.5,0.5,,,,,,0.0201,,0.05,1.0,0.05,,,,
0.5349,0.37,0.4504,1177,0.0199,1046,0.0198,0.022146,0.0,5.787643,0.00032,0.023155,0.0,5.843858,0.010593,0.419,0.6094,-1.7752,-5.0514,-0.5074,-0.0908,2.1551,47,0.1,59132,0.0398,0.3356,0.0018,0.9982,0,35,0.0199,0.6418,0.0527,0.2799,1.9592,0.9829,0.3434,0.1,0.0181,20,0.8556,0.0001,0.0079,0.0542,0.528,0.1526,0.1976,0.6616,0.1301,0.0903,0.3207,-0.0149,33,57955,59132,batch,240.5,59132,0.1,0,1,57955,0.9801,0.4006,0.9822,0.7666,0.9967,0.1444,35,0.5,0.5,0.4752,0.4234,0.4902,0.5005,0.0352,0.0198,0.9812,0.05,1.0,0.05,1.0,1.0,1.0,0.1322
0.5342,0.3688,0.4493,1152,0.0195,1024,0.0194,0.022086,0.0,5.688251,0.000295,0.023056,0.0,5.743934,0.010246,0.4174,0.608,,,,,,46,0.1,59132,0.0293,0.3155,0.0018,0.9982,0,36,,,,,,,0.3535,0.1,,20,0.8569,0.0001,,,,,,,0.1152,0.0859,0.3021,-0.0133,35,57980,59132,batch,240.5,59132,0.1,0,1,57980,0.9805,,,,,0.1431,36,0.5,0.5,,,,,,0.0194,,0.05,1.0,0.05,,,,
0.5349,0.3695,0.4499,1131,0.0191,1005,0.019,0.021883,0.0,5.729224,0.00119,0.023023,0.0,5.786215,0.010895,0.4185,0.6087,,,,,,45,0.1,59132,0.0295,0.4375,0.0016,0.9984,0,37,,,,,,,0.3636,0.1,,20,0.7163,0.0001,,,,,,,0.1165,0.0871,0.4239,-0.0137,35,58001,59132,batch,240.5,59132,0.1,0,1,58001,0.9809,,,,,0.2837,37,0.5,0.5,,,,,,0.019,,0.05,1.0,0.05,,,,
0.5349,0.37,0.4504,1131,0.0191,1005,0.019,0.021836,0.0,5.516274,0.00087,0.023101,0.0,5.571422,0.00934,0.4192,0.6094,,,,,,45,0.1,59132,0.0342,0.4489,0.0016,0.9984,0,38,,,,,,,0.3737,0.1,,20,0.8533,0.0001,,,,,,,0.1224,0.0881,0.4342,-0.0146,35,58001,59132,batch,240.5,59132,0.1,0,1,58001,0.9809,,,,,0.1467,38,0.5,0.5,,,,,,0.019,,0.05,1.0,0.05,,,,
0.5355,0.3699,0.4503,1109,0.0188,986,0.0187,0.021754,0.0,5.71346,0.001388,0.023236,0.0,5.770193,0.010355,0.4187,0.6094,,,,,,44,0.1,59132,0.0251,0.4814,0.0015,0.9985,0,39,,,,,,,0.3838,0.1,,20,0.7369,0.0001,,,,,,,0.1103,0.0852,0.4668,-0.0146,33,58023,59132,batch,240.5,59132,0.1,0,1,58023,0.9812,,,,,0.2631,39,0.5,0.5,,,,,,0.0187,,0.05,1.0,0.05,,,,
0.5355,0.3704,0.4508,1087,0.0185,967,0.0184,0.021486,0.0,5.600145,0.000375,0.023193,0.0,5.655398,0.010199,0.4195,0.6101,-2.9316,-6.1201,-0.771,-0.097,2.7404,43,0.1,59132,0.0283,0.288,0.0018,0.9982,0,40,0.0185,0.488,0.1149,0.301,0.9911,0.561,0.3939,0.1,0.0168,20,0.8416,0.0001,0.0186,0.0531,0.2877,0.1553,0.2032,0.5001,0.1146,0.0863,0.2724,-0.0156,35,58045,59132,batch,240.5,59132,0.1,0,1,58045,0.9815,0.4746,0.9859,0.8147,0.9971,0.1584,40,0.5,0.5,0.4722,0.425,0.4894,0.5007,0.0384,0.0184,0.9818,0.05,1.0,0.05,1.0,1.0,1.0,0.1302
0.5342,0.3698,0.4502,1066,0.0181,948,0.0181,0.021586,0.0,5.48679,0.000665,0.023363,0.0,5.542188,0.009784,0.4188,0.6094,,,,,,42,0.1,59132,0.0261,0.2982,0.0018,0.9982,0,41,,,,,,,0.404,0.1,,20,0.8777,0.0001,,,,,,,0.1116,0.0855,0.2827,-0.0155,33,58066,59132,batch,240.5,59132,0.1,0,1,58066,0.9819,,,,,0.1223,41,0.5,0.5,,,,,,0.0181,,0.05,1.0,0.05,,,,
0.5349,0.3696,0.4501,1044,0.0178,929,0.0177,0.021672,0.0,5.45998,0.000457,0.023818,0.0,5.516368,0.010441,0.4194,0.608,,,,,,42,0.1,59132,0.0255,0.2756,0.0018,0.9982,0,42,,,,,,,0.4141,0.1,,20,0.8106,0.0001,,,,,,,0.1111,0.0856,0.2612,-0.0144,34,58088,59132,batch,240.5,59132,0.1,0,1,58088,0.9822,,,,,0.1894,42,0.5,0.5,,,,,,0.0177,,0.05,1.0,0.05,,,,
0.5355,0.3709,0.4512,1044,0.0178,929,0.0177,0.021259,0.0,5.328517,0.001197,0.023745,0.0,5.384341,0.009623,0.4211,0.6108,,,,,,42,0.1,59132,0.0246,0.3267,0.0017,0.9983,0,43,,,,,,,0.4242,0.1,,20,0.434,0.0001,,,,,,,0.1096,0.085,0.3119,-0.0148,35,58088,59132,batch,240.5,59132,0.1,0,1,58088,0.9822,,,,,0.566,43,0.5,0.5,,,,,,0.0177,,0.05,1.0,0.05,,,,
0.5349,0.3702,0.4506,1022,0.0175,910,0.0174,0.021215,0.0,5.354781,0.000445,0.023726,0.0,5.410066,0.009899,0.4196,0.6101,,,,,,41,0.1,59132,0.0276,0.2686,0.0018,0.9982,0,44,,,,,,,0.4343,0.1,,20,0.7949,0.0001,,,,,,,0.1152,0.0876,0.2539,-0.0147,33,58110,59132,batch,240.5,59132,0.1,0,1,58110,0.9825,,,,,0.2051,44,0.5,0.5,,,,,,0.0174,,0.05,1.0,0.05,,,,
0.5349,0.3708,0.4511,1001,0.0171,890,0.0171,0.021204,0.0,5.301834,0.000406,0.0238,0.0,5.355754,0.008511,0.4206,0.6108,-2.8347,-6.7982,-0.6992,-0.0645,3.0423,40,0.1,59132,0.0273,0.2722,0.0017,0.9983,0,45,0.0171,0.4201,0.0787,0.2422,0.8445,0.5151,0.4444,0.1,0.0156,20,0.9469,0.0001,0.0126,0.0362,0.2658,0.1377,0.1735,0.4638,0.117,0.0897,0.2591,-0.0131,33,58131,59132,batch,240.5,59132,0.1,0,1,58131,0.9829,0.5844,0.9892,0.8568,0.9972,0.0531,45,0.5,0.5,0.4729,0.4127,0.4872,0.502,0.0365,0.0171,0.9818,0.05,1.0,0.05,1.0,1.0,1.0,0.1302
0.5349,0.3706,0.451,979,0.0168,871,0.0167,0.021095,0.0,5.394143,0.002086,0.023697,0.0,5.450274,0.009252,0.4202,0.6108,,,,,,39,0.1,59132,0.0197,0.4372,0.0015,0.9985,0,46,,,,,,,0.4545,0.1,,20,0.8445,0.0001,,,,,,,0.1049,0.0852,0.4251,-0.012,33,58153,59132,batch,240.5,59132,0.1,0,1,58153,0.9832,,,,,0.1555,46,0.5,0.5,,,,,,0.0167,,0.05,1.0,0.05,,,,
0.5349,0.3708,0.4511,979,0.0168,871,0.0167,0.021343,0.0,5.378771,0.000961,0.023578,0.0,5.43421,0.009556,0.4206,0.6101,,,,,,39,0.1,59132,0.023,0.2838,0.0018,0.9982,0,47,,,,,,,0.4646,0.1,,20,0.807,0.0001,,,,,,,0.1102,0.0872,0.2699,-0.0138,33,58153,59132,batch,240.5,59132,0.1,0,1,58153,0.9832,,,,,0.193,47,0.5,0.5,,,,,,0.0167,,0.05,1.0,0.05,,,,
0.5349,0.3706,0.451,957,0.0165,852,0.0164,0.020948,0.0,5.220982,0.000724,0.023565,0.0,5.276283,0.010064,0.4203,0.6101,,,,,,38,0.1,59132,0.0193,0.2355,0.0017,0.9983,0,48,,,,,,,0.4747,0.1,,20,0.9716,0.0001,,,,,,,0.1033,0.084,0.2222,-0.0132,34,58175,59132,batch,240.5,59132,0.1,0,1,58175,0.9835,,,,,0.0284,48,0.5,0.5,,,,,,0.0164,,0.05,1.0,0.05,,,,
0.5349,0.3708,0.4511,936,0.0161,833,0.0161,0.021442,0.0,5.161449,0.000557,0.023587,0.0,5.21626,0.009224,0.4208,0.6108,,,,,,37,0.1,59132,0.0235,0.2616,0.0017,0.9983,0,49,,,,,,,0.4848,0.1,,20,0.8199,0.0001,,,,,,,0.1107,0.0872,0.2491,-0.0125,34,58196,59132,batch,240.5,59132,0.1,0,1,58196,0.9839,,,,,0.1801,49,0.5,0.5,,,,,,0.0161,,0.05,1.0,0.05,,,,
0.5349,0.37,0.4504,914,0.0158,814,0.0158,0.020962,0.0,5.261478,0.000412,0.023747,0.0,5.315876,0.009277,0.4188,0.6094,-3.5559,-7.5166,-0.9588,-0.1709,3.3899,37,0.1,59132,0.025,0.2201,0.0017,0.9983,0,50,0.0158,0.3178,0.0631,0.2151,0.6495,0.3359,0.4949,0.1,0.0144,20,0.7098,0.0001,0.0097,0.0348,0.1524,0.1403,0.1761,0.3246,0.114,0.089,0.2079,-0.0122,33,58218,59132,batch,240.5,59132,0.1,0,1,58218,0.9842,0.6024,0.9892,0.8545,0.9973,0.2902,50,0.5,0.5,0.4797,0.4388,0.4922,0.505,0.0284,0.0157,0.9818,0.05,1.0,0.05,1.0,1.0,1.0,0.1302
0.5349,0.3706,0.4509,914,0.0158,814,0.0158,2.721038,13.130005,5.294171,0.000708,0.02375,0.0,21.178722,0.009051,0.4198,0.6108,,,,,,37,0.1,59132,0.0221,0.2445,0.0017,0.9983,0,51,,,,,,,0.5051,0.1,,20,0.8279,0.0001,,,,,,,0.1073,0.0851,0.2326,-0.0119,33,58218,59132,batch,240.5,59132,0.1,0,1,58218,0.9842,,,,,0.1721,51,0.5,0.5,,,,,,0.0,,0.0505,1.0,0.05,,,,
0.5349,0.3705,0.4509,892,0.0155,794,0.0154,2.512067,13.33279,5.304777,0.001513,0.023854,0.0,21.186433,0.011431,0.4211,0.6101,,,,,,36,0.1,59132,0.0481,0.2765,0.0016,0.9984,0,52,,,,,,,0.5152,0.1,,20,0.6729,0.0001,,,,,,,0.1315,0.0834,0.264,-0.0125,32,58240,59132,batch,240.5,59132,0.1,0,1,58240,0.9845,,,,,0.3271,52,0.5,0.5,,,,,,0.0,,0.0515,1.0,0.05,,,,
0.5349,0.3707,0.451,871,0.0151,775,0.0151,2.104478,13.580775,5.443294,0.001096,0.024379,0.0,21.168313,0.014292,0.4218,0.6115,,,,,,35,0.1,59132,0.0968,0.2421,0.0017,0.9983,0,53,,,,,,,0.5253,0.1,,20,0.9993,0.0001,,,,,,,0.1811,0.0843,0.2282,-0.0139,33,58261,59132,batch,240.5,59132,0.1,0,1,58261,0.9849,,,,,0.0007,53,0.5,0.5,,,,,,0.0,,0.0525,1.0,0.05,,,,
0.5349,0.3711,0.4514,849,0.0148,756,0.0148,1.952293,14.031412,5.299853,0.00071,0.024777,0.0,21.326884,0.01784,0.4229,0.6128,,,,,,34,0.1,59132,0.166,0.238,0.0016,0.9984,0,54,,,,,,,0.5354,0.1,,20,0.8849,0.0001,,,,,,,0.2591,0.0931,0.2255,-0.0125,28,58283,59132,batch,240.5,59132,0.1,0,1,58283,0.9852,,,,,0.1151,54,0.5,0.5,,,,,,0.0,,0.0535,1.0,0.05,,,,
0.5383,0.375,0.4549,827,0.0145,737,0.0145,1.927245,14.415407,5.345768,0.00099,0.024465,0.0,21.7332,0.019326,0.4238,0.6135,-3.9111,-9.8783,-0.9986,-0.14,4.3698,33,0.1,59132,0.2082,0.2456,0.0016,0.9984,0,55,0.0145,2.1578,0.2293,0.9168,5.4319,3.2443,0.5455,0.1,0.0132,20,0.6524,0.0001,0.081,0.3717,0.9883,0.3545,0.6096,0.9924,0.2999,0.0916,0.2335,-0.0121,27,58305,59132,batch,240.5,59132,0.1,0,1,58305,0.9855,0.6832,0.9983,0.9615,0.9997,0.3476,55,0.5,0.5,0.424,0.2544,0.4613,0.508,0.0948,0.0,0.9819,0.0545,1.0,0.05,1.0,1.0,1.0,0.1296
0.4969,0.3491,0.4317,827,0.0145,737,0.0145,2.078941,14.753672,5.900389,0.0003,0.02495,0.0,22.776104,0.017854,0.3981,0.5756,,,,,,33,0.1,59132,0.1931,0.276,0.0016,0.9984,0,56,,,,,,,0.5556,0.1,,20,0.4039,0.0001,,,,,,,0.2991,0.106,0.2716,-0.0045,30,58305,59132,batch,240.5,59132,0.1,0,1,58305,0.9855,,,,,0.5961,56,0.5,0.5,,,,,,0.0,,0.0556,1.0,0.05,,,,
0.5045,0.3526,0.4347,806,0.0141,718,0.0141,2.315129,14.930032,5.999102,0.0001,0.025087,0.0,23.287248,0.017797,0.4045,0.5804,,,,,,32,0.1,59132,0.1508,0.3717,0.0015,0.9985,0,57,,,,,,,0.5657,0.1,,20,0.9938,0.0001,,,,,,,0.2618,0.1109,0.372,0.0002,34,58326,59132,batch,240.5,59132,0.1,0,1,58326,0.9859,,,,,0.0062,57,0.5,0.5,,,,,,0.0,,0.0566,1.0,0.05,,,,
0.5128,0.364,0.445,784,0.0138,699,0.0138,2.02159,15.183148,5.741161,0.000417,0.02513,0.0,22.992787,0.021342,0.4134,0.5908,,,,,,32,0.1,59132,0.2315,0.3859,0.0016,0.9984,0,58,,,,,,,0.5758,0.1,,20,0.5577,0.0001,,,,,,,0.3312,0.0997,0.3775,-0.0084,40,58348,59132,batch,240.5,59132,0.1,0,1,58348,0.9862,,,,,0.4423,58,0.5,0.5,,,,,,0.0,,0.0576,1.0,0.05,,,,
0.5204,0.3616,0.4428,784,0.0138,699,0.0138,1.89527,15.979976,5.675489,0.000439,0.025173,0.0,23.5927,0.016354,0.4182,0.5942,,,,,,32,0.1,59132,0.3304,0.384,0.0016,0.9984,0,59,,,,,,,0.5859,0.1,,20,0.806,0.0001,,,,,,,0.4563,0.1259,0.3781,-0.0059,26,58348,59132,batch,240.5,59132,0.1,0,1,58348,0.9862,,,,,0.194,59,0.5,0.5,,,,,,0.0,,0.0586,1.0,0.05,,,,
0.5217,0.3595,0.4409,784,0.0138,699,0.0138,2.120315,15.673141,5.750913,0.000244,0.025697,0.0,23.589063,0.018753,0.4168,0.5977,-4.5964,-10.8217,-1.0784,-0.1646,4.8861,32,0.1,59132,0.2112,0.2816,0.0017,0.9983,0,60,0.0138,1.3806,0.3028,0.887,2.7296,1.7595,0.596,0.1,0.0126,20,0.7203,0.0001,0.0917,0.2424,0.8272,0.358,0.4801,0.89,0.3164,0.1052,0.2762,-0.0054,32,58348,59132,batch,240.5,59132,0.1,0,1,58348,0.9862,0.6172,0.9977,0.9549,0.9995,0.2797,60,0.5,0.5,0.4118,0.2647,0.431,0.5012,0.0893,0.0,0.982,0.0596,1.0,0.05,1.0,1.0,1.0,0.1289
0.5155,0.3596,0.4409,784,0.0138,699,0.0138,2.086572,15.622348,5.544313,0.000388,0.025699,0.0,23.299108,0.019787,0.4171,0.6004,,,,,,32,0.1,59132,0.201,0.2689,0.0017,0.9983,0,61,,,,,,,0.6061,0.1,,20,0.564,0.0001,,,,,,,0.2985,0.0975,0.2604,-0.0085,28,58348,59132,batch,240.5,59132,0.1,0,1,58348,0.9862,,,,,0.436,61,0.5,0.5,,,,,,0.0,,0.0606,1.0,0.05,,,,
0.5245,0.3645,0.4454,784,0.0138,699,0.0138,1.937909,15.861966,5.483849,0.000419,0.025253,0.0,23.330224,0.020827,0.4203,0.6025,,,,,,32,0.1,59132,0.2684,0.2964,0.0018,0.9982,0,62,,,,,,,0.6162,0.1,,20,0.9961,0.0001,,,,,,,0.3675,0.0991,0.2847,-0.0117,29,58348,59132,batch,240.5,59132,0.1,0,1,58348,0.9862,,,,,0.0039,62,0.5,0.5,,,,,,0.0,,0.0616,1.0,0.05,,,,
0.5245,0.3638,0.4447,784,0.0138,699,0.0138,1.801304,15.964778,5.272158,0.000598,0.025602,0.0,23.086295,0.021854,0.4218,0.6032,,,,,,32,0.1,59132,0.3044,0.2681,0.0017,0.9983,0,63,,,,,,,0.6263,0.1,,20,0.7982,0.0001,,,,,,,0.4035,0.0991,0.2556,-0.0126,26,58348,59132,batch,240.5,59132,0.1,0,1,58348,0.9862,,,,,0.2018,63,0.5,0.5,,,,,,0.0,,0.0626,1.0,0.05,,,,
0.5259,0.3643,0.4452,784,0.0138,699,0.0138,1.705349,16.523848,5.040001,0.000426,0.0257,0.0,23.317527,0.022203,0.4207,0.6032,,,,,,32,0.1,59132,0.4048,0.2314,0.0018,0.9982,0,64,,,,,,,0.6364,0.1,,20,0.7685,0.0001,,,,,,,0.5131,0.1083,0.22,-0.0115,24,58348,59132,batch,240.5,59132,0.1,0,1,58348,0.9862,,,,,0.2315,64,0.5,0.5,,,,,,0.0,,0.0636,1.0,0.05,,,,
0.5266,0.3661,0.4468,784,0.0138,699,0.0138,1.707191,16.501755,5.163415,0.000553,0.026027,0.0,23.420362,0.021422,0.4216,0.6059,-5.1339,-12.985,-1.3405,-0.0269,5.6651,32,0.1,59132,0.3076,0.2406,0.0018,0.9982,0,65,0.0138,2.8856,0.4321,1.497,7.7867,3.2353,0.6465,0.1,0.0126,20,0.9749,0.0001,0.1784,0.5596,0.999,0.4935,0.7248,0.9994,0.4016,0.094,0.229,-0.0116,22,58348,59132,batch,240.5,59132,0.1,0,1,58348,0.9862,0.6653,0.9983,0.9762,0.9999,0.0251,65,0.5,0.5,0.3569,0.2117,0.3621,0.4897,0.1088,0.0,0.9821,0.0646,1.0,0.05,1.0,1.0,1.0,0.1282
0.5293,0.3672,0.4478,784,0.0138,699,0.0138,1.735345,17.170404,5.131019,0.001002,0.025954,0.0,24.081041,0.017318,0.4232,0.6073,,,,,,32,0.1,59132,0.2725,0.2764,0.0019,0.9981,0,66,,,,,,,0.6566,0.1,,20,0.8976,0.0001,,,,,,,0.3663,0.0938,0.2627,-0.0136,22,58348,59132,batch,240.5,59132,0.1,0,1,58348,0.9862,,,,,0.1024,66,0.5,0.5,,,,,,0.0,,0.0657,1.0,0.05,,,,
0.5286,0.3656,0.4463,784,0.0138,699,0.0138,1.782991,17.011058,4.904832,0.000993,0.02626,0.0,23.745892,0.019758,0.4208,0.6059,,,,,,32,0.1,59132,0.2992,0.2908,0.0018,0.9982,0,67,,,,,,,0.6667,0.1,,20,0.895,0.0001,,,,,,,0.3987,0.0994,0.2799,-0.0109,22,58348,59132,batch,240.5,59132,0.1,0,1,58348,0.9862,,,,,0.105,67,0.5,0.5,,,,,,0.0,,0.0667,1.0,0.05,,,,
0.5293,0.3681,0.4486,784,0.0138,699,0.0138,1.718434,17.097297,5.179098,0.001163,0.02658,0.0,24.04396,0.021387,0.4257,0.6087,,,,,,32,0.1,59132,0.2946,0.3014,0.0018,0.9982,0,68,,,,,,,0.6768,0.1,,20,0.8295,0.0001,,,,,,,0.3992,0.1046,0.29,-0.0114,23,58348,59132,batch,240.5,59132,0.1,0,1,58348,0.9862,,,,,0.1705,68,0.5,0.5,,,,,,0.0,,0.0677,1.0,0.05,,,,
0.5286,0.3685,0.449,784,0.0138,699,0.0138,1.487583,17.490501,5.090375,0.001126,0.026829,0.0,24.117252,0.020836,0.4234,0.6087,,,,,,32,0.1,59132,0.3052,0.2866,0.0018,0.9982,0,69,,,,,,,0.6869,0.1,,20,0.9482,0.0001,,,,,,,0.3963,0.0912,0.2766,-0.0101,22,58348,59132,batch,240.5,59132,0.1,0,1,58348,0.9862,,,,,0.0518,69,0.5,0.5,,,,,,0.0,,0.0687,1.0,0.05,,,,
0.5286,0.3673,0.4479,784,0.0138,699,0.0138,1.539253,17.748628,4.961334,0.001119,0.027047,0.0,24.297831,0.020452,0.4238,0.608,-5.7021,-14.5214,-1.4134,-0.1782,6.5098,32,0.1,59132,0.2785,0.2885,0.0019,0.9981,0,70,0.0138,2.9488,0.564,1.4515,8.1947,3.4368,0.697,0.1,0.0126,20,0.6058,0.0001,0.2112,0.5658,0.9994,0.5024,0.7682,0.9997,0.364,0.0855,0.2758,-0.0127,22,58348,59132,batch,240.5,59132,0.1,0,1,58348,0.9862,0.4901,0.9983,0.9901,0.9999,0.3942,70,0.5,0.5,0.3374,0.1586,0.3416,0.4756,0.1162,0.0,0.9822,0.0697,1.0,0.05,1.0,1.0,1.0,0.1275
0.53,0.3688,0.4493,784,0.0138,699,0.0138,1.453742,17.968191,4.794139,0.001418,0.026686,0.0,24.2647,0.020524,0.4264,0.6108,,,,,,32,0.1,59132,0.2956,0.3105,0.0018,0.9982,0,71,,,,,,,0.7071,0.1,,20,0.8432,0.0001,,,,,,,0.387,0.0914,0.2996,-0.0109,20,58348,59132,batch,240.5,59132,0.1,0,1,58348,0.9862,,,,,0.1568,71,0.5,0.5,,,,,,0.0,,0.0707,1.0,0.05,,,,
0.5293,0.3673,0.4479,784,0.0138,699,0.0138,1.630143,18.135243,4.861573,0.001715,0.02713,0.0,24.676509,0.020704,0.4246,0.6087,,,,,,32,0.1,59132,0.2803,0.2963,0.0019,0.9981,0,72,,,,,,,0.7172,0.1,,20,0.6746,0.0001,,,,,,,0.3758,0.0954,0.2847,-0.0116,18,58348,59132,batch,240.5,59132,0.1,0,1,58348,0.9862,,,,,0.3254,72,0.5,0.5,,,,,,0.0,,0.0717,1.0,0.05,,,,
0.5293,0.3678,0.4483,784,0.0138,699,0.0138,1.64365,18.112878,4.868048,0.0016,0.02733,0.0,24.672729,0.019224,0.4248,0.6101,,,,,,32,0.1,59132,0.3002,0.2697,0.0019,0.9981,0,73,,,,,,,0.7273,0.1,,20,0.9009,0.0001,,,,,,,0.3874,0.0872,0.2587,-0.011,20,58348,59132,batch,240.5,59132,0.1,0,1,58348,0.9862,,,,,0.0991,73,0.5,0.5,,,,,,0.0,,0.0727,1.0,0.05,,,,
0.5286,0.367,0.4476,784,0.0138,699,0.0138,1.495861,18.577239,4.617206,0.001905,0.028241,0.0,24.740742,0.020289,0.4242,0.6073,,,,,,32,0.1,59132,0.2757,0.2901,0.0019,0.9981,0,74,,,,,,,0.7374,0.1,,20,0.9619,0.0001,,,,,,,0.3604,0.0847,0.2778,-0.0123,17,58348,59132,batch,240.5,59132,0.1,0,1,58348,0.9862,,,,,0.0381,74,0.5,0.5,,,,,,0.0,,0.0737,1.0,0.05,,,,
0.5293,0.3679,0.4485,784,0.0138,699,0.0138,1.604196,18.735156,4.810832,0.001692,0.027825,0.0,25.199919,0.020217,0.4253,0.6094,-7.2574,-18.8478,-1.4962,-0.1154,8.2963,32,0.1,59132,0.3469,0.2913,0.002,0.998,0,75,0.0138,2.5776,0.4243,1.3018,7.0663,2.8692,0.7475,0.1,0.0126,20,0.4992,0.0001,0.1602,0.5084,0.9977,0.4805,0.6965,0.9985,0.4368,0.0898,0.2813,-0.01,12,58348,59132,batch,240.5,59132,0.1,0,1,58348,0.9862,0.6648,0.9989,0.9905,0.9999,0.5008,75,0.5,0.5,0.3116,0.1588,0.3187,0.4653,0.1162,0.0,0.9823,0.0747,1.0,0.05,1.0,1.0,1.0,0.1268
0.5286,0.3671,0.4477,784,0.0138,699,0.0138,1.473485,18.855766,4.74517,0.001881,0.027549,0.0,25.123035,0.019183,0.424,0.608,,,,,,32,0.1,59132,0.3123,0.2971,0.002,0.998,0,76,,,,,,,0.7576,0.1,,20,1.0,0.0001,,,,,,,0.3966,0.0843,0.2857,-0.0114,25,58348,59132,batch,240.5,59132,0.1,0,1,58348,0.9862,,,,,0.0,76,0.5,0.5,,,,,,0.0,,0.0758,1.0,0.05,,,,
0.5286,0.3667,0.4473,784,0.0138,699,0.0138,1.424961,19.249021,4.760598,0.002451,0.027398,0.0,25.482992,0.018562,0.4237,0.6066,,,,,,32,0.1,59132,0.3441,0.3025,0.002,0.998,0,77,,,,,,,0.7677,0.1,,20,0.9993,0.0001,,,,,,,0.4317,0.0876,0.2904,-0.0122,15,58348,59132,batch,240.5,59132,0.1,0,1,58348,0.9862,,,,,0.0007,77,0.5,0.5,,,,,,0.0,,0.0768,1.0,0.05,,,,
0.5266,0.3672,0.4478,784,0.0138,699,0.0138,1.558535,19.279629,4.707401,0.002381,0.027953,0.0,25.594917,0.019019,0.4231,0.6073,,,,,,32,0.1,59132,0.3174,0.3292,0.002,0.998,0,78,,,,,,,0.7778,0.1,,20,0.6974,0.0001,,,,,,,0.4097,0.0923,0.3175,-0.0117,11,58348,59132,batch,240.5,59132,0.1,0,1,58348,0.9862,,,,,0.3026,78,0.5,0.5,,,,,,0.0,,0.0778,1.0,0.05,,,,
0.5293,0.3666,0.4473,784,0.0138,699,0.0138,1.499594,19.565069,4.866659,0.001847,0.027958,0.0,25.979167,0.01804,0.4243,0.6073,,,,,,32,0.1,59132,0.3671,0.3074,0.002,0.998,0,79,,,,,,,0.7879,0.1,,20,0.9207,0.0001,,,,,,,0.4578,0.0907,0.299,-0.0084,19,58348,59132,batch,240.5,59132,0.1,0,1,58348,0.9862,,,,,0.0793,79,0.5,0.5,,,,,,0.0,,0.0788,1.0,0.05,,,,
0.5286,0.3663,0.447,784,0.0138,699,0.0138,1.386314,20.278288,4.829117,0.001986,0.027656,0.0,26.540955,0.017594,0.4231,0.6066,-6.8915,-17.0712,-1.6929,-0.0398,7.4749,32,0.1,59132,0.4259,0.2835,0.0021,0.9979,0,80,0.0138,3.4786,0.6147,2.5672,7.5638,2.9204,0.798,0.1,0.0126,20,0.8611,0.0001,0.2691,0.8239,0.9988,0.5673,0.9022,0.9993,0.5132,0.0873,0.2734,-0.0101,10,58348,59132,batch,240.5,59132,0.1,0,1,58348,0.9862,0.6511,0.9989,0.997,0.9999,0.1389,80,0.5,0.5,0.2836,0.1318,0.278,0.4317,0.1126,0.0,0.9824,0.0798,1.0,0.05,1.0,1.0,1.0,0.1261
0.5224,0.3626,0.4437,784,0.0138,699,0.0138,1.524831,20.224297,4.778033,0.003121,0.028035,0.0,26.576604,0.018287,0.4205,0.6004,,,,,,32,0.1,59132,0.3449,0.3855,0.002,0.998,0,81,,,,,,,0.8081,0.1,,20,0.8594,0.0001,,,,,,,0.4399,0.095,0.3727,-0.0128,10,58348,59132,batch,240.5,59132,0.1,0,1,58348,0.9862,,,,,0.1406,81,0.5,0.5,,,,,,0.0,,0.0808,1.0,0.05,,,,
0.5293,0.3665,0.4472,784,0.0138,699,0.0138,1.608238,20.466183,4.547372,0.002115,0.028212,0.0,26.669467,0.017346,0.4246,0.6073,,,,,,32,0.1,59132,0.2657,0.3061,0.0021,0.9979,0,82,,,,,,,0.8182,0.1,,20,0.8836,0.0001,,,,,,,0.3497,0.084,0.299,-0.0071,14,58348,59132,batch,240.5,59132,0.1,0,1,58348,0.9862,,,,,0.1164,82,0.5,0.5,,,,,,0.0,,0.0818,1.0,0.05,,,,
0.5293,0.3665,0.4472,784,0.0138,699,0.0138,1.360849,20.383082,4.460644,0.003793,0.028372,0.0,26.253159,0.016419,0.4242,0.6073,,,,,,32,0.1,59132,0.3574,0.3324,0.0021,0.9979,0,83,,,,,,,0.8283,0.1,,20,0.9064,0.0001,,,,,,,0.4436,0.0862,0.3203,-0.0121,9,58348,59132,batch,240.5,59132,0.1,0,1,58348,0.9862,,,,,0.0936,83,0.5,0.5,,,,,,0.0,,0.0828,1.0,0.05,,,,
0.5293,0.3667,0.4474,784,0.0138,699,0.0138,1.261755,20.520852,4.433091,0.00406,0.028256,0.0,26.262965,0.014953,0.4243,0.608,,,,,,32,0.1,59132,0.4147,0.3107,0.0021,0.9979,0,84,,,,,,,0.8384,0.1,,20,0.0854,0.0001,,,,,,,0.4945,0.0798,0.2981,-0.0126,9,58348,59132,batch,240.5,59132,0.1,0,1,58348,0.9862,,,,,0.9146,84,0.5,0.5,,,,,,0.0,,0.0838,1.0,0.05,,,,
0.5121,0.3382,0.4215,784,0.0138,699,0.0138,1.339532,21.419185,4.605435,0.004477,0.028169,0.0,27.412229,0.015431,0.4184,0.6046,-7.0807,-18.9768,-1.9631,-0.2628,8.4281,32,0.1,59132,0.4383,0.4069,0.0021,0.9979,0,85,0.0138,3.2253,0.6566,2.2981,7.0958,2.6466,0.8485,0.1,0.0126,20,0.5599,0.0001,0.305,0.7531,0.9981,0.5994,0.8455,0.9989,0.5241,0.0857,0.3961,-0.0107,13,58348,59132,batch,240.5,59132,0.1,0,1,58348,0.9862,0.6111,0.999,0.9971,0.9999,0.4401,85,0.5,0.5,0.2544,0.1143,0.2488,0.3869,0.1031,0.0,0.9825,0.0848,1.0,0.05,1.0,1.0,1.0,0.1255
0.5169,0.3609,0.4421,784,0.0138,699,0.0138,1.455947,21.110691,4.934523,0.002644,0.028326,0.0,27.546659,0.014529,0.4208,0.5977,,,,,,32,0.1,59132,0.3971,0.2983,0.0022,0.9978,0,86,,,,,,,0.8586,0.1,,20,0.8634,0.0001,,,,,,,0.4848,0.0877,0.2885,-0.0098,31,58348,59132,batch,240.5,59132,0.1,0,1,58348,0.9862,,,,,0.1366,86,0.5,0.5,,,,,,0.0,,0.0859,1.0,0.05,,,,
0.4907,0.3097,0.3955,784,0.0138,699,0.0138,1.376817,21.803168,4.917538,0.002958,0.028589,0.0,28.143906,0.014836,0.4137,0.5977,,,,,,32,0.1,59132,0.4379,0.3855,0.0021,0.9979,0,87,,,,,,,0.8687,0.1,,20,0.8649,0.0001,,,,,,,0.5288,0.0909,0.3776,-0.0079,15,58348,59132,batch,240.5,59132,0.1,0,1,58348,0.9862,,,,,0.1351,87,0.5,0.5,,,,,,0.0,,0.0869,1.0,0.05,,,,
0.501,0.3242,0.4087,784,0.0138,699,0.0138,1.45465,21.51832,5.347696,0.003078,0.028886,0.0,28.367957,0.015326,0.4163,0.5977,,,,,,32,0.1,59132,0.3163,0.4066,0.0024,0.9976,0,88,,,,,,,0.8788,0.1,,20,0.9857,0.0001,,,,,,,0.4098,0.0934,0.3932,-0.0134,14,58348,59132,batch,240.5,59132,0.1,0,1,58348,0.9862,,,,,0.0143,88,0.5,0.5,,,,,,0.0,,0.0879,1.0,0.05,,,,
0.4997,0.3237,0.4083,784,0.0138,699,0.0138,1.402499,21.633752,5.233149,0.003537,0.028495,0.0,28.316744,0.015312,0.4141,0.5977,,,,,,32,0.1,59132,0.2611,0.3416,0.0023,0.9977,0,89,,,,,,,0.8889,0.1,,20,0.8108,0.0001,,,,,,,0.3459,0.0848,0.3307,-0.011,15,58348,59132,batch,240.5,59132,0.1,0,1,58348,0.9862,,,,,0.1892,89,0.5,0.5,,,,,,0.0,,0.0889,1.0,0.05,,,,
0.5031,0.3281,0.4123,784,0.0138,699,0.0138,1.225198,22.028538,5.054314,0.004984,0.028201,0.0,28.354709,0.013474,0.4159,0.599,-9.9498,-21.0836,-2.7717,-0.0424,9.5325,32,0.1,59132,0.4209,0.3596,0.0023,0.9977,0,90,0.0138,3.468,0.7901,2.6153,7.2805,2.8007,0.899,0.1,0.0126,20,0.8106,0.0001,0.3683,0.822,0.9985,0.6327,0.8919,0.9992,0.5032,0.0823,0.3494,-0.0102,16,58348,59132,batch,240.5,59132,0.1,0,1,58348,0.9862,0.4994,0.9993,0.998,1.0,0.1894,90,0.5,0.5,0.2316,0.0867,0.2245,0.4268,0.1071,0.0,0.9826,0.0899,1.0,0.05,1.0,1.0,1.0,0.1248
0.4997,0.3228,0.4074,784,0.0138,699,0.0138,1.186946,22.436477,4.795701,0.00423,0.028522,0.0,28.464603,0.012727,0.4155,0.599,,,,,,32,0.1,59132,0.4837,0.3776,0.0023,0.9977,0,91,,,,,,,0.9091,0.1,,20,0.8185,0.0001,,,,,,,0.5693,0.0856,0.3668,-0.0108,15,58348,59132,batch,240.5,59132,0.1,0,1,58348,0.9862,,,,,0.1815,91,0.5,0.5,,,,,,0.0,,0.0909,1.0,0.05,,,,
0.5031,0.328,0.4122,784,0.0138,699,0.0138,1.283,22.506906,4.919226,0.005316,0.028595,0.0,28.755932,0.012889,0.4161,0.5977,,,,,,32,0.1,59132,0.387,0.3953,0.0024,0.9976,0,92,,,,,,,0.9192,0.1,,20,1.0,0.0001,,,,,,,0.4725,0.0855,0.3864,-0.0089,13,58348,59132,batch,240.5,59132,0.1,0,1,58348,0.9862,,,,,0.0,92,0.5,0.5,,,,,,0.0,,0.0919,1.0,0.05,,,,
0.5031,0.3283,0.4125,784,0.0138,699,0.0138,1.305326,22.468408,4.850458,0.003954,0.028971,0.0,28.669584,0.012466,0.4162,0.599,,,,,,32,0.1,59132,0.4486,0.3519,0.0025,0.9975,0,93,,,,,,,0.9293,0.1,,20,0.867,0.0001,,,,,,,0.5354,0.0869,0.3384,-0.0135,15,58348,59132,batch,240.5,59132,0.1,0,1,58348,0.9862,,,,,0.133,93,0.5,0.5,,,,,,0.0,,0.0929,1.0,0.05,,,,
0.5031,0.3283,0.4125,784,0.0138,699,0.0138,1.168805,22.796981,4.864327,0.003809,0.028622,0.0,28.874004,0.011459,0.4163,0.599,,,,,,32,0.1,59132,0.4949,0.3354,0.0026,0.9974,0,94,,,,,,,0.9394,0.1,,20,0.9104,0.0001,,,,,,,0.5804,0.0855,0.323,-0.0125,15,58348,59132,batch,240.5,59132,0.1,0,1,58348,0.9862,,,,,0.0896,94,0.5,0.5,,,,,,0.0,,0.0939,1.0,0.05,,,,
0.5024,0.3269,0.4112,784,0.0138,699,0.0138,1.080725,23.148807,4.611718,0.00401,0.028537,0.0,28.884291,0.010495,0.4154,0.599,-7.338,-22.5102,-2.1185,-0.0501,9.3957,32,0.1,59132,0.5159,0.3398,0.0026,0.9974,0,95,0.0138,4.7626,1.0981,3.5708,10.275,3.6128,0.9495,0.1,0.0126,20,0.9188,0.0001,0.4735,0.9215,0.9999,0.7064,0.9607,0.9999,0.5982,0.0823,0.327,-0.0129,15,58348,59132,batch,240.5,59132,0.1,0,1,58348,0.9862,0.2764,0.9993,0.9993,1.0,0.0812,95,0.5,0.5,0.1945,0.0717,0.1754,0.3531,0.1029,0.0,0.9827,0.0949,1.0,0.05,1.0,1.0,1.0,0.1241
0.5024,0.327,0.4113,784,0.0138,699,0.0138,1.097022,23.513992,4.794158,0.004676,0.028662,0.0,29.450062,0.011552,0.4153,0.5983,,,,,,32,0.1,59132,0.5465,0.4056,0.0025,0.9975,0,96,,,,,,,0.9596,0.1,,20,1.0,0.0001,,,,,,,0.6272,0.0807,0.3937,-0.0118,14,58348,59132,batch,240.5,59132,0.1,0,1,58348,0.9862,,,,,0.0,96,0.5,0.5,,,,,,0.0,,0.096,1.0,0.05,,,,
0.4769,0.295,0.3819,784,0.0138,699,0.0138,1.184452,23.622495,4.734029,0.005602,0.028544,0.0,29.586435,0.011312,0.4132,0.599,,,,,,32,0.1,59132,0.5029,0.3603,0.0025,0.9975,0,97,,,,,,,0.9697,0.1,,20,0.8972,0.0001,,,,,,,0.5833,0.0805,0.3501,-0.0102,14,58348,59132,batch,240.5,59132,0.1,0,1,58348,0.9862,,,,,0.1028,97,0.5,0.5,,,,,,0.0,,0.097,1.0,0.05,,,,
0.5024,0.3273,0.4116,784,0.0138,699,0.0138,1.290166,23.77849,5.196624,0.00505,0.028958,0.0,30.31047,0.011182,0.4157,0.5997,,,,,,32,0.1,59132,0.415,0.3724,0.0027,0.9973,0,98,,,,,,,0.9798,0.1,,20,0.5469,0.0001,,,,,,,0.5006,0.0855,0.3618,-0.0106,15,58348,59132,batch,240.5,59132,0.1,0,1,58348,0.9862,,,,,0.4531,98,0.5,0.5,,,,,,0.0,,0.098,1.0,0.05,,,,
0.5024,0.3269,0.4113,784,0.0138,699,0.0138,1.091958,24.059977,4.650186,0.004679,0.02876,0.0,29.846064,0.010503,0.4151,0.599,,,,,,32,0.1,59132,0.5098,0.3133,0.0027,0.9973,0,99,,,,,,,0.9899,0.1,,20,0.7751,0.0001,,,,,,,0.5951,0.0852,0.3062,-0.0071,14,58348,59132,batch,240.5,59132,0.1,0,1,58348,0.9862,,,,,0.2249,99,0.5,0.5,,,,,,0.0,,0.099,1.0,0.05,,,,
0.5017,0.3269,0.4112,784,0.0138,699,0.0138,1.128916,24.215605,4.564125,0.004307,0.028727,0.0,29.952497,0.010818,0.4153,0.5983,-11.9344,-24.6152,-5.1452,-0.0467,11.4821,32,0.1,59132,0.5971,0.3365,0.0027,0.9973,0,100,0.0138,3.8995,0.8746,3.2269,7.9599,2.7967,1.0,0.1,0.0126,20,0.6004,0.0001,0.392,0.8807,0.9993,0.6768,0.9329,0.9996,0.6801,0.083,0.3241,-0.0124,14,58348,59132,batch,240.5,59132,0.1,0,1,58348,0.9862,0.6533,0.9994,0.9988,1.0,0.3996,100,0.5,0.5,0.1874,0.0796,0.1736,0.3509,0.0946,0.0,0.9828,0.1,1.0,0.05,1.0,1.0,1.0,0.1234
